Number,Type,Subtype,SwitchOn,SexDep,Mutability,Data,ParsedData
1,0x02 (Creature),0x01 (Genus),0 (Embryo),None,None,,
1,0x01 (Biochemistry),0x03 (Half-Lives),0 (Embryo),None,None,120 56 88,
1,0x02 (Creature),0x04 (Gait),0 (Embryo),None,None,,
1,0x02 (Creature),0x03 (Pose),0 (Embryo),None,None,,
2,0x02 (Creature),0x03 (Pose),0 (Embryo),None,None,,
3,0x02 (Creature),0x03 (Pose),0 (Embryo),None,None,,
4,0x02 (Creature),0x03 (Pose),0 (Embryo),None,None,,
5,0x02 (Creature),0x03 (Pose),0 (Embryo),None,None,,
1,0x02 (Creature),0x02 (Appearance),0 (Embryo),None,None,0,
6,0x02 (Creature),0x03 (Pose),0 (Embryo),None,None,,
7,0x02 (Creature),0x03 (Pose),0 (Embryo),None,None,,
8,0x02 (Creature),0x03 (Pose),0 (Embryo),None,None,,
9,0x02 (Creature),0x03 (Pose),0 (Embryo),None,None,,
10,0x02 (Creature),0x03 (Pose),0 (Embryo),None,None,,
11,0x02 (Creature),0x03 (Pose),0 (Embryo),None,None,,
12,0x02 (Creature),0x03 (Pose),0 (Embryo),None,None,,
13,0x02 (Creature),0x03 (Pose),0 (Embryo),None,Mutable,,
14,0x02 (Creature),0x03 (Pose),0 (Embryo),None,Mutable,,
15,0x02 (Creature),0x03 (Pose),0 (Embryo),None,Mutable,,
16,0x02 (Creature),0x03 (Pose),0 (Embryo),None,Mutable,,
17,0x02 (Creature),0x03 (Pose),0 (Embryo),None,Mutable,,
18,0x02 (Creature),0x03 (Pose),0 (Embryo),None,None,,
19,0x02 (Creature),0x03 (Pose),0 (Embryo),None,None,,
20,0x02 (Creature),0x03 (Pose),0 (Embryo),None,Mutable,,
21,0x02 (Creature),0x03 (Pose),0 (Embryo),None,Mutable,,
22,0x02 (Creature),0x03 (Pose),0 (Embryo),None,Mutable,,
23,0x02 (Creature),0x03 (Pose),0 (Embryo),None,Mutable,,
24,0x02 (Creature),0x03 (Pose),0 (Embryo),None,None,,
25,0x02 (Creature),0x03 (Pose),0 (Embryo),None,None,,
26,0x02 (Creature),0x03 (Pose),0 (Embryo),None,None,,
27,0x02 (Creature),0x03 (Pose),0 (Embryo),None,None,,
2,0x02 (Creature),0x02 (Appearance),0 (Embryo),None,None,1,
28,0x02 (Creature),0x03 (Pose),0 (Embryo),None,None,,
29,0x02 (Creature),0x03 (Pose),0 (Embryo),None,None,,
40,0x02 (Creature),0x03 (Pose),0 (Embryo),None,None,,
30,0x02 (Creature),0x03 (Pose),0 (Embryo),None,None,,
31,0x02 (Creature),0x03 (Pose),0 (Embryo),None,None,,
32,0x02 (Creature),0x03 (Pose),0 (Embryo),None,None,,
33,0x02 (Creature),0x03 (Pose),0 (Embryo),None,None,,
34,0x02 (Creature),0x03 (Pose),0 (Embryo),None,None,,
35,0x02 (Creature),0x03 (Pose),0 (Embryo),None,None,,
36,0x02 (Creature),0x03 (Pose),0 (Embryo),None,None,,
37,0x02 (Creature),0x03 (Pose),0 (Embryo),None,None,,
1,0x01 (Biochemistry),0x00 (Receptor),0 (Embryo),None,None,1 5 0 1 0 0 255,
2,0x01 (Biochemistry),0x00 (Receptor),0 (Embryo),None,None,1 5 1 2 0 0 255,
3,0x01 (Biochemistry),0x00 (Receptor),0 (Embryo),None,None,1 5 2 3 0 0 255,
4,0x01 (Biochemistry),0x00 (Receptor),0 (Embryo),None,None,1 5 3 4 0 0 255,
5,0x01 (Biochemistry),0x00 (Receptor),0 (Embryo),None,None,1 5 4 5 0 0 255,
6,0x01 (Biochemistry),0x00 (Receptor),0 (Embryo),None,None,1 5 5 6 0 0 255,
7,0x01 (Biochemistry),0x00 (Receptor),0 (Embryo),None,None,1 5 6 7 0 0 255,
8,0x01 (Biochemistry),0x00 (Receptor),0 (Embryo),None,None,1 5 7 8 0 0 255,
9,0x01 (Biochemistry),0x00 (Receptor),0 (Embryo),None,None,1 5 8 9 0 0 255,
10,0x01 (Biochemistry),0x00 (Receptor),0 (Embryo),None,None,1 5 9 10 0 0 255,
11,0x01 (Biochemistry),0x00 (Receptor),0 (Embryo),None,None,1 5 10 11 0 0 255,
12,0x01 (Biochemistry),0x00 (Receptor),0 (Embryo),None,None,1 5 11 12 0 0 255,
13,0x01 (Biochemistry),0x00 (Receptor),0 (Embryo),None,None,1 5 12 13 0 0 255,
1,0x01 (Biochemistry),0x02 (Reaction),0 (Embryo),None,None,1 17 1 0 1 1 1,"{'reactants': [{'chem': 17, 'proportion': 1, 'chem_name': 'Chem11'}], 'products': [{'chem': 0, 'proportion': 1, 'chem_name': 'Pain'}], 'rate': 1}"
2,0x01 (Biochemistry),0x02 (Reaction),0 (Embryo),None,None,1 18 1 0 1 2 1,"{'reactants': [{'chem': 18, 'proportion': 1, 'chem_name': 'Chem12'}], 'products': [{'chem': 0, 'proportion': 1, 'chem_name': 'Pain'}], 'rate': 1}"
3,0x01 (Biochemistry),0x02 (Reaction),0 (Embryo),None,None,1 19 1 0 1 3 1,"{'reactants': [{'chem': 19, 'proportion': 1, 'chem_name': 'Chem13'}], 'products': [{'chem': 0, 'proportion': 1, 'chem_name': 'Pain'}], 'rate': 1}"
4,0x01 (Biochemistry),0x02 (Reaction),0 (Embryo),None,None,1 20 1 0 1 4 1,"{'reactants': [{'chem': 20, 'proportion': 1, 'chem_name': 'Chem14'}], 'products': [{'chem': 0, 'proportion': 1, 'chem_name': 'Pain'}], 'rate': 1}"
5,0x01 (Biochemistry),0x02 (Reaction),0 (Embryo),None,None,1 21 1 0 1 5 1,"{'reactants': [{'chem': 21, 'proportion': 1, 'chem_name': 'Chem15'}], 'products': [{'chem': 0, 'proportion': 1, 'chem_name': 'Pain'}], 'rate': 1}"
6,0x01 (Biochemistry),0x02 (Reaction),0 (Embryo),None,None,1 22 1 0 1 6 1,"{'reactants': [{'chem': 22, 'proportion': 1, 'chem_name': 'Chem16'}], 'products': [{'chem': 0, 'proportion': 1, 'chem_name': 'Pain'}], 'rate': 1}"
7,0x01 (Biochemistry),0x02 (Reaction),0 (Embryo),None,None,1 23 1 0 1 7 1,"{'reactants': [{'chem': 23, 'proportion': 1, 'chem_name': 'Chem17'}], 'products': [{'chem': 0, 'proportion': 1, 'chem_name': 'Pain'}], 'rate': 1}"
8,0x01 (Biochemistry),0x02 (Reaction),0 (Embryo),None,None,1 24 1 0 1 8 1,"{'reactants': [{'chem': 24, 'proportion': 1, 'chem_name': 'Chem18'}], 'products': [{'chem': 0, 'proportion': 1, 'chem_name': 'Pain'}], 'rate': 1}"
9,0x01 (Biochemistry),0x02 (Reaction),0 (Embryo),None,None,1 25 1 0 1 9 1,"{'reactants': [{'chem': 25, 'proportion': 1, 'chem_name': 'Chem19'}], 'products': [{'chem': 0, 'proportion': 1, 'chem_name': 'Pain'}], 'rate': 1}"
10,0x01 (Biochemistry),0x02 (Reaction),0 (Embryo),None,None,1 26 1 0 1 10 1,"{'reactants': [{'chem': 26, 'proportion': 1, 'chem_name': 'Chem1A'}], 'products': [{'chem': 0, 'proportion': 1, 'chem_name': 'Pain'}], 'rate': 1}"
11,0x01 (Biochemistry),0x02 (Reaction),0 (Embryo),None,None,1 27 1 0 1 11 1,"{'reactants': [{'chem': 27, 'proportion': 1, 'chem_name': 'Chem1B'}], 'products': [{'chem': 0, 'proportion': 1, 'chem_name': 'Pain'}], 'rate': 1}"
12,0x01 (Biochemistry),0x02 (Reaction),0 (Embryo),None,None,1 28 1 0 1 12 1,"{'reactants': [{'chem': 28, 'proportion': 1, 'chem_name': 'Chem1C'}], 'products': [{'chem': 0, 'proportion': 1, 'chem_name': 'Pain'}], 'rate': 1}"
32,0x01 (Biochemistry),0x02 (Reaction),0 (Embryo),None,None,1 29 1 0 1 13 1,"{'reactants': [{'chem': 29, 'proportion': 1, 'chem_name': 'Chem1D'}], 'products': [{'chem': 0, 'proportion': 1, 'chem_name': 'Pain'}], 'rate': 1}"
13,0x01 (Biochemistry),0x02 (Reaction),0 (Embryo),None,None,1 33 1 1 1 49 1,"{'reactants': [{'chem': 33, 'proportion': 1, 'chem_name': 'Chem21'}], 'products': [{'chem': 1, 'proportion': 1, 'chem_name': 'Need for Pleasure'}], 'rate': 1}"
14,0x01 (Biochemistry),0x02 (Reaction),0 (Embryo),None,None,1 34 1 2 1 49 1,"{'reactants': [{'chem': 34, 'proportion': 1, 'chem_name': 'Chem22'}], 'products': [{'chem': 2, 'proportion': 1, 'chem_name': 'Hunger'}], 'rate': 1}"
15,0x01 (Biochemistry),0x02 (Reaction),0 (Embryo),None,None,1 35 1 3 1 49 1,"{'reactants': [{'chem': 35, 'proportion': 1, 'chem_name': 'Chem23'}], 'products': [{'chem': 3, 'proportion': 1, 'chem_name': 'Coldness'}], 'rate': 1}"
16,0x01 (Biochemistry),0x02 (Reaction),0 (Embryo),None,None,1 36 1 4 1 49 1,"{'reactants': [{'chem': 36, 'proportion': 1, 'chem_name': 'Chem24'}], 'products': [{'chem': 4, 'proportion': 1, 'chem_name': 'Hotness'}], 'rate': 1}"
17,0x01 (Biochemistry),0x02 (Reaction),0 (Embryo),None,None,1 37 1 5 1 49 1,"{'reactants': [{'chem': 37, 'proportion': 1, 'chem_name': 'Chem25'}], 'products': [{'chem': 5, 'proportion': 1, 'chem_name': 'Chem05'}], 'rate': 1}"
18,0x01 (Biochemistry),0x02 (Reaction),0 (Embryo),None,None,1 38 1 6 1 49 1,"{'reactants': [{'chem': 38, 'proportion': 1, 'chem_name': 'Chem26'}], 'products': [{'chem': 6, 'proportion': 1, 'chem_name': 'Chem06'}], 'rate': 1}"
3,0x02 (Creature),0x02 (Appearance),0 (Embryo),None,None,2,
19,0x01 (Biochemistry),0x02 (Reaction),0 (Embryo),None,None,1 39 1 7 1 49 1,"{'reactants': [{'chem': 39, 'proportion': 1, 'chem_name': 'Chem27'}], 'products': [{'chem': 7, 'proportion': 1, 'chem_name': 'Chem07'}], 'rate': 1}"
20,0x01 (Biochemistry),0x02 (Reaction),0 (Embryo),None,None,1 40 1 8 1 49 1,"{'reactants': [{'chem': 40, 'proportion': 1, 'chem_name': 'Chem28'}], 'products': [{'chem': 8, 'proportion': 1, 'chem_name': 'Chem08'}], 'rate': 1}"
21,0x01 (Biochemistry),0x02 (Reaction),0 (Embryo),None,None,1 41 1 9 1 49 1,"{'reactants': [{'chem': 41, 'proportion': 1, 'chem_name': 'Chem29'}], 'products': [{'chem': 9, 'proportion': 1, 'chem_name': 'Chem09'}], 'rate': 1}"
22,0x01 (Biochemistry),0x02 (Reaction),0 (Embryo),None,None,1 42 1 10 1 49 1,"{'reactants': [{'chem': 42, 'proportion': 1, 'chem_name': 'Chem2A'}], 'products': [{'chem': 10, 'proportion': 1, 'chem_name': 'Fear'}], 'rate': 1}"
23,0x01 (Biochemistry),0x02 (Reaction),0 (Embryo),None,None,1 43 1 11 1 49 1,"{'reactants': [{'chem': 43, 'proportion': 1, 'chem_name': 'Chem2B'}], 'products': [{'chem': 11, 'proportion': 1, 'chem_name': 'Boredom'}], 'rate': 1}"
24,0x01 (Biochemistry),0x02 (Reaction),0 (Embryo),None,None,1 44 1 12 1 49 1,"{'reactants': [{'chem': 44, 'proportion': 1, 'chem_name': 'Chem2C'}], 'products': [{'chem': 12, 'proportion': 1, 'chem_name': 'Chem0C'}], 'rate': 1}"
14,0x01 (Biochemistry),0x00 (Receptor),0 (Embryo),None,None,0 6 13 49 0 0 255,
15,0x01 (Biochemistry),0x00 (Receptor),0 (Embryo),None,None,0 6 14 50 0 0 255,
1,0x02 (Creature),0x00 (Stimulus),0 (Embryo),None,None,0,
2,0x02 (Creature),0x00 (Stimulus),0 (Embryo),None,None,1,
3,0x02 (Creature),0x00 (Stimulus),0 (Embryo),None,None,2,
4,0x02 (Creature),0x00 (Stimulus),0 (Embryo),None,None,3,
5,0x02 (Creature),0x00 (Stimulus),0 (Embryo),None,None,4,
6,0x02 (Creature),0x00 (Stimulus),0 (Embryo),None,None,5,
7,0x02 (Creature),0x00 (Stimulus),0 (Embryo),None,None,6,
8,0x02 (Creature),0x00 (Stimulus),0 (Embryo),None,None,7,
9,0x02 (Creature),0x00 (Stimulus),0 (Embryo),None,None,8,
10,0x02 (Creature),0x00 (Stimulus),0 (Embryo),None,None,9,
12,0x02 (Creature),0x00 (Stimulus),0 (Embryo),None,None,11,
13,0x02 (Creature),0x00 (Stimulus),0 (Embryo),None,None,12,
14,0x02 (Creature),0x00 (Stimulus),0 (Embryo),None,None,13,
15,0x02 (Creature),0x00 (Stimulus),0 (Embryo),None,None,14,
16,0x02 (Creature),0x00 (Stimulus),0 (Embryo),None,None,15,
17,0x02 (Creature),0x00 (Stimulus),0 (Embryo),None,None,16,
18,0x02 (Creature),0x00 (Stimulus),0 (Embryo),None,None,18,
19,0x02 (Creature),0x00 (Stimulus),0 (Embryo),None,None,21,
20,0x02 (Creature),0x00 (Stimulus),0 (Embryo),None,None,22,
21,0x02 (Creature),0x00 (Stimulus),0 (Embryo),None,None,23,
25,0x01 (Biochemistry),0x02 (Reaction),0 (Embryo),None,None,1 49 1,
26,0x01 (Biochemistry),0x02 (Reaction),0 (Embryo),None,None,1 50 1,
1,0x00 (Brain),0x00 (Lobe),0 (Embryo),None,None,,
2,0x00 (Brain),0x00 (Lobe),0 (Embryo),None,None,,
3,0x00 (Brain),0x00 (Lobe),0 (Embryo),None,None,,
4,0x00 (Brain),0x00 (Lobe),0 (Embryo),None,None,,
8,0x00 (Brain),0x00 (Lobe),0 (Embryo),None,None,,
9,0x00 (Brain),0x00 (Lobe),0 (Embryo),None,None,,
5,0x00 (Brain),0x00 (Lobe),0 (Embryo),None,None,53 15 1,
6,0x00 (Brain),0x00 (Lobe),0 (Embryo),None,None,44 30 5,
7,0x00 (Brain),0x00 (Lobe),0 (Embryo),None,None,12,
1,0x01 (Biochemistry),0x01 (Emitter),0 (Embryo),None,None,0 8 1 52 0 1 255,
2,0x01 (Biochemistry),0x01 (Emitter),0 (Embryo),None,None,0 6 1 53 0 1 255,
3,0x01 (Biochemistry),0x01 (Emitter),0 (Embryo),None,None,0 6 2 70 0 1 255,
16,0x01 (Biochemistry),0x00 (Receptor),0 (Embryo),None,None,0 8 14 52 0 4 255,
17,0x01 (Biochemistry),0x00 (Receptor),0 (Embryo),None,None,0 6 15 53 0 16 255,
43,0x01 (Biochemistry),0x00 (Receptor),0 (Embryo),None,None,0 6 16 70 0 16 255,
18,0x01 (Biochemistry),0x00 (Receptor),0 (Embryo),None,None,0 8 13 51 0 0 255,
4,0x01 (Biochemistry),0x01 (Emitter),0 (Embryo),None,None,1 4 1 11 0 25 8,
4,0x02 (Creature),0x05 (Instinct),0 (Embryo),None,None,1 10 0 0 0 0 0,
5,0x02 (Creature),0x05 (Instinct),0 (Embryo),None,None,1 5 0 0 0 0 9,
5,0x01 (Biochemistry),0x01 (Emitter),0 (Embryo),None,None,1 4 1 2 0 64 10,
6,0x01 (Biochemistry),0x01 (Emitter),0 (Embryo),None,None,1 4 3 5 0 24 49,
7,0x01 (Biochemistry),0x01 (Emitter),0 (Embryo),None,None,1 4 2 4 0 24 50,
8,0x01 (Biochemistry),0x01 (Emitter),0 (Embryo),None,None,1 4 4 7 0 114 8,
9,0x01 (Biochemistry),0x01 (Emitter),0 (Embryo),None,None,1 4 5 8 0 18 5,
10,0x01 (Biochemistry),0x01 (Emitter),0 (Embryo),None,None,1 4 5 9 0 75 51,
27,0x01 (Biochemistry),0x02 (Reaction),0 (Embryo),None,None,1 57 1,
11,0x01 (Biochemistry),0x01 (Emitter),0 (Embryo),None,None,1 0 0,
28,0x01 (Biochemistry),0x02 (Reaction),0 (Embryo),None,None,3 58 1,
29,0x01 (Biochemistry),0x02 (Reaction),0 (Embryo),None,None,1 59 1,
30,0x01 (Biochemistry),0x02 (Reaction),0 (Embryo),None,None,1 58 2,
1,0x01 (Biochemistry),0x04 (Initial Concentration),0 (Embryo),None,None,59 122 103,
3,0x01 (Biochemistry),0x04 (Initial Concentration),0 (Embryo),None,None,11 74 103 101 110 101 2,
7,0x02 (Creature),0x05 (Instinct),0 (Embryo),None,None,1 10 0 0 0 0 2,
24,0x01 (Biochemistry),0x00 (Receptor),0 (Embryo),None,None,,
25,0x01 (Biochemistry),0x00 (Receptor),0 (Embryo),None,Mutable,,
26,0x01 (Biochemistry),0x00 (Receptor),0 (Embryo),None,Duplicable,,
27,0x01 (Biochemistry),0x00 (Receptor),0 (Embryo),None,"Mutable,Duplicable",,
28,0x01 (Biochemistry),0x00 (Receptor),0 (Embryo),None,Deletable,,
29,0x01 (Biochemistry),0x00 (Receptor),0 (Embryo),None,"Mutable,Deletable",,
4,0x01 (Biochemistry),0x04 (Initial Concentration),0 (Embryo),None,None,,
30,0x01 (Biochemistry),0x00 (Receptor),0 (Embryo),None,None,,
34,0x01 (Biochemistry),0x02 (Reaction),0 (Embryo),None,None,1 67 2 59 2 17 2,"{'reactants': [{'chem': 67, 'proportion': 1, 'chem_name': 'Chem43'}], 'products': [{'chem': 59, 'proportion': 2, 'chem_name': 'Chem3B'}], 'rate': 1}"
39,0x02 (Creature),0x03 (Pose),0 (Embryo),None,None,,
41,0x02 (Creature),0x03 (Pose),0 (Embryo),None,None,,
42,0x02 (Creature),0x03 (Pose),0 (Embryo),None,None,,
43,0x02 (Creature),0x03 (Pose),0 (Embryo),None,None,,
44,0x02 (Creature),0x03 (Pose),0 (Embryo),None,None,,
2,0x02 (Creature),0x04 (Gait),0 (Embryo),None,None,,
45,0x02 (Creature),0x03 (Pose),0 (Embryo),None,None,,
46,0x02 (Creature),0x03 (Pose),0 (Embryo),None,None,,
47,0x02 (Creature),0x03 (Pose),0 (Embryo),None,None,,
48,0x02 (Creature),0x03 (Pose),0 (Embryo),None,None,,
3,0x02 (Creature),0x04 (Gait),0 (Embryo),None,None,,
4,0x02 (Creature),0x04 (Gait),0 (Embryo),None,None,,
49,0x02 (Creature),0x03 (Pose),0 (Embryo),None,None,,
50,0x02 (Creature),0x03 (Pose),0 (Embryo),None,None,,
51,0x02 (Creature),0x03 (Pose),0 (Embryo),None,None,,
52,0x02 (Creature),0x03 (Pose),0 (Embryo),None,None,,
5,0x02 (Creature),0x04 (Gait),0 (Embryo),None,None,,
53,0x02 (Creature),0x03 (Pose),0 (Embryo),None,None,,
54,0x02 (Creature),0x03 (Pose),0 (Embryo),None,None,,
55,0x02 (Creature),0x03 (Pose),0 (Embryo),None,None,,
56,0x02 (Creature),0x03 (Pose),0 (Embryo),None,None,,
6,0x02 (Creature),0x04 (Gait),0 (Embryo),None,None,,
57,0x02 (Creature),0x03 (Pose),0 (Embryo),None,None,,
58,0x02 (Creature),0x03 (Pose),0 (Embryo),None,None,,
59,0x02 (Creature),0x03 (Pose),0 (Embryo),None,None,,
60,0x02 (Creature),0x03 (Pose),0 (Embryo),None,None,,
61,0x02 (Creature),0x03 (Pose),0 (Embryo),None,None,,
62,0x02 (Creature),0x03 (Pose),0 (Embryo),None,None,,
63,0x02 (Creature),0x03 (Pose),0 (Embryo),None,None,,
64,0x02 (Creature),0x03 (Pose),0 (Embryo),None,None,,
65,0x02 (Creature),0x03 (Pose),0 (Embryo),None,None,,
66,0x02 (Creature),0x03 (Pose),0 (Embryo),None,None,,
67,0x02 (Creature),0x03 (Pose),0 (Embryo),None,None,,
68,0x02 (Creature),0x03 (Pose),0 (Embryo),None,None,,
69,0x02 (Creature),0x03 (Pose),0 (Embryo),None,None,,
70,0x02 (Creature),0x03 (Pose),0 (Embryo),None,None,,
71,0x02 (Creature),0x03 (Pose),0 (Embryo),None,None,,
72,0x02 (Creature),0x03 (Pose),0 (Embryo),None,None,,
73,0x02 (Creature),0x03 (Pose),0 (Embryo),None,None,,
74,0x02 (Creature),0x03 (Pose),0 (Embryo),None,None,,
75,0x02 (Creature),0x03 (Pose),0 (Embryo),None,None,,
76,0x02 (Creature),0x03 (Pose),0 (Embryo),None,None,,
77,0x02 (Creature),0x03 (Pose),0 (Embryo),None,None,,
5,0x01 (Biochemistry),0x04 (Initial Concentration),0 (Embryo),None,None,240 130 103 101 110 101 1,
4,0x02 (Creature),0x02 (Appearance),0 (Embryo),None,None,3,
7,0x01 (Biochemistry),0x04 (Initial Concentration),0 (Embryo),None,None,243 147 103 101 110 101 1,
35,0x01 (Biochemistry),0x02 (Reaction),0 (Embryo),None,None,2 248 4 58 1 240 1,"{'reactants': [{'chem': 248, 'proportion': 2, 'chem_name': 'ChemF8'}], 'products': [{'chem': 58, 'proportion': 4, 'chem_name': 'Chem3A'}], 'rate': 1}"
36,0x01 (Biochemistry),0x02 (Reaction),0 (Embryo),None,None,2 249 4 58 1 241 1,"{'reactants': [{'chem': 249, 'proportion': 2, 'chem_name': 'ChemF9'}], 'products': [{'chem': 58, 'proportion': 4, 'chem_name': 'Chem3A'}], 'rate': 1}"
37,0x01 (Biochemistry),0x02 (Reaction),0 (Embryo),None,None,2 250 4 58 1 242 1,"{'reactants': [{'chem': 250, 'proportion': 2, 'chem_name': 'ChemFA'}], 'products': [{'chem': 58, 'proportion': 4, 'chem_name': 'Chem3A'}], 'rate': 1}"
38,0x01 (Biochemistry),0x02 (Reaction),0 (Embryo),None,None,2 251 4 58 1 243 1,"{'reactants': [{'chem': 251, 'proportion': 2, 'chem_name': 'ChemFB'}], 'products': [{'chem': 58, 'proportion': 4, 'chem_name': 'Chem3A'}], 'rate': 1}"
39,0x01 (Biochemistry),0x02 (Reaction),0 (Embryo),None,None,2 252 4 58 1 244 1,"{'reactants': [{'chem': 252, 'proportion': 2, 'chem_name': 'ChemFC'}], 'products': [{'chem': 58, 'proportion': 4, 'chem_name': 'Chem3A'}], 'rate': 1}"
40,0x01 (Biochemistry),0x02 (Reaction),0 (Embryo),None,None,2 253 1 58 1 245 1,"{'reactants': [{'chem': 253, 'proportion': 2, 'chem_name': 'ChemFD'}], 'products': [{'chem': 58, 'proportion': 1, 'chem_name': 'Chem3A'}], 'rate': 1}"
41,0x01 (Biochemistry),0x02 (Reaction),0 (Embryo),None,None,2 254 1 58 1 246 1,"{'reactants': [{'chem': 254, 'proportion': 2, 'chem_name': 'ChemFE'}], 'products': [{'chem': 58, 'proportion': 1, 'chem_name': 'Chem3A'}], 'rate': 1}"
42,0x01 (Biochemistry),0x02 (Reaction),0 (Embryo),None,None,2 255 1 58 1 247 1,"{'reactants': [{'chem': 255, 'proportion': 2, 'chem_name': 'ChemFF'}], 'products': [{'chem': 58, 'proportion': 1, 'chem_name': 'Chem3A'}], 'rate': 1}"
19,0x01 (Biochemistry),0x00 (Receptor),0 (Embryo),None,None,1 4 0 17 65 0 255,
31,0x01 (Biochemistry),0x00 (Receptor),0 (Embryo),None,None,1 4 2 232 58 0 255,
33,0x01 (Biochemistry),0x00 (Receptor),0 (Embryo),None,None,1 4 3 233 42 0 255,
32,0x01 (Biochemistry),0x00 (Receptor),0 (Embryo),None,None,1 4 4 4 141 0 255,
43,0x01 (Biochemistry),0x02 (Reaction),0 (Embryo),None,None,4 235 1 0 2 5 1,"{'reactants': [{'chem': 235, 'proportion': 4, 'chem_name': 'ChemEB'}], 'products': [{'chem': 0, 'proportion': 1, 'chem_name': 'Pain'}], 'rate': 1}"
44,0x01 (Biochemistry),0x02 (Reaction),0 (Embryo),None,None,2 234 1 0 2 7 1,"{'reactants': [{'chem': 234, 'proportion': 2, 'chem_name': 'ChemEA'}], 'products': [{'chem': 0, 'proportion': 1, 'chem_name': 'Pain'}], 'rate': 1}"
78,0x02 (Creature),0x03 (Pose),0 (Embryo),None,None,,
79,0x02 (Creature),0x03 (Pose),0 (Embryo),None,None,,
22,0x02 (Creature),0x00 (Stimulus),0 (Embryo),None,Duplicable,29 0 255 0 0 1 190 6 160 7 112 61 32 103 101 110 101,
24,0x02 (Creature),0x00 (Stimulus),0 (Embryo),None,None,31,
25,0x02 (Creature),0x00 (Stimulus),0 (Embryo),None,None,32,
7,0x02 (Creature),0x04 (Gait),0 (Embryo),None,None,,
34,0x01 (Biochemistry),0x00 (Receptor),0 (Embryo),None,Mutable,1 4 9 1 48 0 239,
35,0x01 (Biochemistry),0x00 (Receptor),0 (Embryo),None,Mutable,1 4 11 10 144 0 239,
36,0x01 (Biochemistry),0x00 (Receptor),0 (Embryo),None,Mutable,1 4 12 12 128 0 239,
37,0x01 (Biochemistry),0x00 (Receptor),0 (Embryo),None,Mutable,1 4 13 7 180 0 255,
38,0x01 (Biochemistry),0x00 (Receptor),0 (Embryo),None,Mutable,1 4 14 6 174 0 255,
39,0x01 (Biochemistry),0x00 (Receptor),0 (Embryo),None,None,1 4 10 59 0 35 255,
80,0x02 (Creature),0x03 (Pose),0 (Embryo),None,None,,
81,0x02 (Creature),0x03 (Pose),0 (Embryo),None,None,,
82,0x02 (Creature),0x03 (Pose),0 (Embryo),None,None,,
83,0x02 (Creature),0x03 (Pose),0 (Embryo),None,None,,
84,0x02 (Creature),0x03 (Pose),0 (Embryo),None,None,,
85,0x02 (Creature),0x03 (Pose),0 (Embryo),None,None,,
86,0x02 (Creature),0x03 (Pose),0 (Embryo),None,None,,
87,0x02 (Creature),0x03 (Pose),0 (Embryo),None,None,,
88,0x02 (Creature),0x03 (Pose),0 (Embryo),None,None,,
89,0x02 (Creature),0x03 (Pose),0 (Embryo),None,None,,
90,0x02 (Creature),0x03 (Pose),0 (Embryo),None,None,,
91,0x02 (Creature),0x03 (Pose),0 (Embryo),None,None,,
92,0x02 (Creature),0x03 (Pose),0 (Embryo),None,None,,
93,0x02 (Creature),0x03 (Pose),0 (Embryo),None,"Mutable,Deletable",,
94,0x02 (Creature),0x03 (Pose),0 (Embryo),None,"Mutable,Deletable",,
95,0x02 (Creature),0x03 (Pose),0 (Embryo),None,"Mutable,Deletable",,
96,0x02 (Creature),0x03 (Pose),0 (Embryo),None,"Mutable,Deletable",,
97,0x02 (Creature),0x03 (Pose),0 (Embryo),None,"Mutable,Deletable",,
98,0x02 (Creature),0x03 (Pose),0 (Embryo),None,"Mutable,Deletable",,
99,0x02 (Creature),0x03 (Pose),0 (Embryo),None,"Mutable,Deletable",,
100,0x02 (Creature),0x03 (Pose),0 (Embryo),None,"Mutable,Deletable",,
40,0x01 (Biochemistry),0x00 (Receptor),0 (Embryo),None,None,1 4 15 68 106 0 255,
101,0x02 (Creature),0x03 (Pose),0 (Embryo),None,None,,
102,0x02 (Creature),0x03 (Pose),0 (Embryo),None,None,,
103,0x02 (Creature),0x03 (Pose),0 (Embryo),None,None,,
104,0x02 (Creature),0x03 (Pose),0 (Embryo),None,None,,
8,0x02 (Creature),0x04 (Gait),0 (Embryo),None,None,,
45,0x01 (Biochemistry),0x02 (Reaction),0 (Embryo),None,Duplicable,1 68 1 0 2 12 1,"{'reactants': [{'chem': 68, 'proportion': 1, 'chem_name': 'Chem44'}], 'products': [{'chem': 0, 'proportion': 1, 'chem_name': 'Pain'}], 'rate': 1}"
41,0x01 (Biochemistry),0x00 (Receptor),0 (Embryo),None,None,1 4 5 7 230 0 255,
42,0x01 (Biochemistry),0x00 (Receptor),0 (Embryo),None,None,,
19,0x02 (Creature),0x05 (Instinct),0 (Embryo),None,None,,
51,0x01 (Biochemistry),0x02 (Reaction),0 (Embryo),None,None,1,
26,0x02 (Creature),0x00 (Stimulus),0 (Embryo),None,"Mutable,Deletable",23,
27,0x01 (Biochemistry),0x01 (Emitter),0 (Embryo),None,"Mutable,Duplicable",1 4 1 11 0 47 8,
27,0x01 (Biochemistry),0x01 (Emitter),0 (Embryo),None,"Mutable,Duplicable",1 4 1 11 0 47 8,
97,0x02 (Creature),0x03 (Pose),0 (Embryo),None,"Mutable,Deletable",,
98,0x02 (Creature),0x03 (Pose),0 (Embryo),None,"Mutable,Deletable",,
99,0x02 (Creature),0x03 (Pose),0 (Embryo),None,"Mutable,Deletable",,
100,0x02 (Creature),0x03 (Pose),0 (Embryo),None,"Mutable,Deletable",,
40,0x01 (Biochemistry),0x00 (Receptor),0 (Embryo),None,None,1 4 15 68 106 0 255,
101,0x02 (Creature),0x03 (Pose),0 (Embryo),None,None,,
102,0x02 (Creature),0x03 (Pose),0 (Embryo),None,None,,
103,0x02 (Creature),0x03 (Pose),0 (Embryo),None,None,,
104,0x02 (Creature),0x03 (Pose),0 (Embryo),None,None,,
8,0x02 (Creature),0x04 (Gait),0 (Embryo),None,None,,
45,0x01 (Biochemistry),0x02 (Reaction),0 (Embryo),None,Duplicable,1 68 1 0 2 12 1,"{'reactants': [{'chem': 68, 'proportion': 1, 'chem_name': 'Chem44'}], 'products': [{'chem': 0, 'proportion': 1, 'chem_name': 'Pain'}], 'rate': 1}"
41,0x01 (Biochemistry),0x00 (Receptor),0 (Embryo),None,None,1 4 5 7 230 0 255,
42,0x01 (Biochemistry),0x00 (Receptor),0 (Embryo),None,None,,
19,0x02 (Creature),0x05 (Instinct),0 (Embryo),None,None,,
51,0x01 (Biochemistry),0x02 (Reaction),0 (Embryo),None,None,1,
26,0x02 (Creature),0x00 (Stimulus),0 (Embryo),None,"Mutable,Deletable",23,
27,0x01 (Biochemistry),0x01 (Emitter),0 (Embryo),None,"Mutable,Duplicable",1 4 1 11 0 47 8,
51,0x01 (Biochemistry),0x02 (Reaction),0 (Embryo),None,None,1,
26,0x02 (Creature),0x00 (Stimulus),0 (Embryo),None,"Mutable,Deletable",23,
27,0x01 (Biochemistry),0x01 (Emitter),0 (Embryo),None,"Mutable,Duplicable",1 4 1 11 0 47 8,
47,0x01 (Biochemistry),0x02 (Reaction),0 (Embryo),None,None,1 69 1 58 1 0 1,"{'reactants': [{'chem': 69, 'proportion': 1, 'chem_name': 'Chem45'}], 'products': [{'chem': 58, 'proportion': 1, 'chem_name': 'Chem3A'}], 'rate': 1}"
48,0x01 (Biochemistry),0x02 (Reaction),0 (Embryo),None,Duplicable,1 69 1 64 1 45 1 0 72 103 101 110 101 1 2,"{'reactants': [{'chem': 69, 'proportion': 1, 'chem_name': 'Chem45'}], 'products': [{'chem': 64, 'proportion': 1, 'chem_name': 'Chem40'}], 'rate': 72}"
50,0x01 (Biochemistry),0x02 (Reaction),0 (Embryo),None,Duplicable,1 69 1 56 1 0 1,"{'reactants': [{'chem': 69, 'proportion': 1, 'chem_name': 'Chem45'}], 'products': [{'chem': 56, 'proportion': 1, 'chem_name': 'Chem38'}], 'rate': 1}"
10,0x02 (Creature),0x05 (Instinct),0 (Embryo),None,Mutable,3 3 0 0 0 0 3,
1,0x02 (Creature),0x06 (Pigment),0 (Embryo),None,None,0 64 103 101 110 101 2,
12,0x02 (Creature),0x05 (Instinct),0 (Embryo),None,Mutable,3 6 0 0 0 0 6,
2,0x02 (Creature),0x06 (Pigment),0 (Embryo),None,None,1 90 103 101 110 101 2,
14,0x02 (Creature),0x05 (Instinct),0 (Embryo),None,Mutable,3 8 0 0 0 0 8,
3,0x02 (Creature),0x06 (Pigment),0 (Embryo),None,None,2 134 103 101 110 101 2,
16,0x02 (Creature),0x05 (Instinct),0 (Embryo),None,Mutable,3 10 0 0 0 0 10,
17,0x02 (Creature),0x05 (Instinct),0 (Embryo),None,Mutable,3 11 0 0 0 0 11,
18,0x02 (Creature),0x05 (Instinct),0 (Embryo),None,None,1 8 5 15 0 0 5,
41,0x01 (Biochemistry),0x00 (Receptor),0 (Embryo),None,None,1 4 5 7 230 0 255,
42,0x01 (Biochemistry),0x00 (Receptor),0 (Embryo),None,None,,
19,0x02 (Creature),0x05 (Instinct),0 (Embryo),None,None,,
51,0x01 (Biochemistry),0x02 (Reaction),0 (Embryo),None,None,1,
25,0x01 (Biochemistry),0x01 (Emitter),0 (Embryo),None,"Mutable,Deletable",1 2 0 0 0 82 5 6 103 101 110 101 1 1 26 0 5 15 1 4 0 64 0,
26,0x02 (Creature),0x00 (Stimulus),0 (Embryo),None,"Mutable,Deletable",23,
27,0x01 (Biochemistry),0x01 (Emitter),0 (Embryo),None,"Mutable,Duplicable",1 4 1 11 0 47 8,
52,0x01 (Biochemistry),0x02 (Reaction),0 (Embryo),None,None,,
20,0x02 (Creature),0x05 (Instinct),0 (Embryo),None,Duplicable,,
53,0x01 (Biochemistry),0x02 (Reaction),0 (Embryo),None,None,,
54,0x01 (Biochemistry),0x02 (Reaction),0 (Embryo),None,None,,
55,0x01 (Biochemistry),0x02 (Reaction),0 (Embryo),None,None,,
56,0x01 (Biochemistry),0x02 (Reaction),0 (Embryo),None,None,,
57,0x01 (Biochemistry),0x02 (Reaction),0 (Embryo),None,None,,
58,0x01 (Biochemistry),0x02 (Reaction),0 (Embryo),None,None,,
59,0x01 (Biochemistry),0x02 (Reaction),0 (Embryo),None,None,,
